Matrix,Rows,Cols,Input_NNZ,Output_NNZ,CPU_ms,GPU_ms,Speedup,GFlops_CPU,GFlops_GPU
synthetic_1000,1000,1000,5000,24579,2.539,1.348,1.88353,.01,.03
synthetic_100,100,100,500,2240,0.221,1.029,0.214772,.02,0
synthetic_2000,2000,2000,10000,49362,5.35,1.303,4.10591,.01,.07
synthetic_500,500,500,2500,12068,1.112,1.208,0.92053,.02,.01
